{
  "5": {
    "mean_ms": 8.624458815902472,
    "std_ms": 0.17048486021088094,
    "mean_hz": 115.94930433850753,
    "speedup_vs_full": 20.0
  },
  "10": {
    "mean_ms": 17.057714825496078,
    "std_ms": 0.14208929245961086,
    "mean_hz": 58.624499836596236,
    "speedup_vs_full": 10.0
  },
  "15": {
    "mean_ms": 25.506262658163905,
    "std_ms": 0.433995023084573,
    "mean_hz": 39.20605748486344,
    "speedup_vs_full": 6.666666666666667
  },
  "20": {
    "mean_ms": 33.894570050761104,
    "std_ms": 0.31027634298024587,
    "mean_hz": 29.50325077150654,
    "speedup_vs_full": 5.0
  },
  "50": {
    "mean_ms": 84.49575033038855,
    "std_ms": 0.2864515618116799,
    "mean_hz": 11.834914727544044,
    "speedup_vs_full": 2.0
  },
  "100": {
    "mean_ms": 175.7535581663251,
    "std_ms": 0.35833056350480047,
    "mean_hz": 5.689785233557809,
    "speedup_vs_full": 0.9996740669078008
  }
}