{
  "5": {
    "mean_ms": 8.973148195073009,
    "std_ms": 0.234386896138034,
    "mean_hz": 111.4436068880576,
    "speedup_vs_full": 20.0
  },
  "10": {
    "mean_ms": 18.658493049442768,
    "std_ms": 3.2509488933133746,
    "mean_hz": 53.594896294685746,
    "speedup_vs_full": 10.0
  },
  "15": {
    "mean_ms": 26.619274653494358,
    "std_ms": 0.6121692503811159,
    "mean_hz": 37.566763670952554,
    "speedup_vs_full": 6.666666666666667
  },
  "20": {
    "mean_ms": 35.18096832558513,
    "std_ms": 0.6021817057341595,
    "mean_hz": 28.4244592344764,
    "speedup_vs_full": 5.0
  },
  "50": {
    "mean_ms": 89.01297686621547,
    "std_ms": 3.0744453909242417,
    "mean_hz": 11.234317008664679,
    "speedup_vs_full": 2.0
  },
  "100": {
    "mean_ms": 183.78166047856212,
    "std_ms": 1.899902856993863,
    "mean_hz": 5.441239334741176,
    "speedup_vs_full": 0.9944596139874778
  }
}