{
  "1280x720": {
    "mean_ms": 583.0580892972648,
    "std_ms": 2.3184032239434758,
    "mean_hz": 1.7150949765661558
  },
  "960x540": {
    "mean_ms": 337.4986477661878,
    "std_ms": 1.4286116305600076,
    "mean_hz": 2.962974834473351
  },
  "640x360": {
    "mean_ms": 163.64518844056875,
    "std_ms": 0.7195073918995516,
    "mean_hz": 6.11078156057837
  },
  "480x270": {
    "mean_ms": 105.93276652507484,
    "std_ms": 0.32304004021705984,
    "mean_hz": 9.439949817257862
  }
}