{
  "1280x720": {
    "mean_ms": 1487.2520190197974,
    "std_ms": 3.841518986795701,
    "mean_hz": 0.6723810001341061
  },
  "960x540": {
    "mean_ms": 801.350642950274,
    "std_ms": 0.5515436878808739,
    "mean_hz": 1.2478931773466522
  },
  "640x360": {
    "mean_ms": 381.30308215040714,
    "std_ms": 0.42685473745501046,
    "mean_hz": 2.6225856721649694
  },
  "480x270": {
    "mean_ms": 229.98151411302388,
    "std_ms": 0.3288854790286957,
    "mean_hz": 4.348175564704528
  }
}