{
  "1280x720": {
    "mean_ms": 1170.962111465633,
    "std_ms": 2.5544613762771227,
    "mean_hz": 0.8539985967166364
  },
  "960x540": {
    "mean_ms": 647.6480302168056,
    "std_ms": 0.8007555128808352,
    "mean_hz": 1.544048546963451
  },
  "640x360": {
    "mean_ms": 310.08163006044924,
    "std_ms": 0.3931993060875414,
    "mean_hz": 3.2249572469193155
  },
  "480x270": {
    "mean_ms": 199.3682516273111,
    "std_ms": 0.25517560871141337,
    "mean_hz": 5.015843755651472
  }
}