{
  "1280x720": {
    "mean_ms": 881.7653263453394,
    "std_ms": 1.6050380671961701,
    "mean_hz": 1.1340885949152808
  },
  "960x540": {
    "mean_ms": 495.4304125159979,
    "std_ms": 0.6786536566671582,
    "mean_hz": 2.0184469397459712
  },
  "640x360": {
    "mean_ms": 246.40562569256872,
    "std_ms": 0.42620741277314045,
    "mean_hz": 4.058348900067985
  },
  "480x270": {
    "mean_ms": 144.41866958513856,
    "std_ms": 0.32849468820568384,
    "mean_hz": 6.924312506635259
  }
}